"Rank","Tier","WSID","Player","Team","Pos","Bye","Best","Worst","Avg","Std Dev","ADP","vs. ADP"
"1","1","","Saquon Barkley","NYG","RB1","11","1","5","1.5","0.8","1.0","0.0"
"2","1","","Christian McCaffrey","CAR","RB2","7","1","8","2.3","1.1","2.0","0.0"
"3","1","","Alvin Kamara","NO","RB3","9","1","13","2.9","1.4","3.0","0.0"
"4","1","","DeAndre Hopkins","HOU","WR1","10","4","12","5.9","1.6","5.0","+1.0"
"5","2","","Davante Adams","GB","WR2","11","4","22","6.3","2.9","7.0","+2.0"
"6","2","","Julio Jones","ATL","WR3","9","4","19","8.9","2.5","10.0","+4.0"
"7","2","","Ezekiel Elliott","DAL","RB4","8","1","68","8.9","8.0","4.0","-3.0"
"8","2","","David Johnson","ARI","RB5","12","1","37","9.1","4.7","6.0","-2.0"
"9","2","","Travis Kelce","KC","TE1","12","7","25","9.9","2.2","14.0","+5.0"
"10","2","","Michael Thomas","NO","WR4","9","4","19","10.4","3.1","11.0","+1.0"
"11","2","","Odell Beckham Jr.","CLE","WR5","7","4","27","11.3","3.6","12.0","+1.0"
"12","2","","JuJu Smith-Schuster","PIT","WR6","7","4","28","12.2","4.3","15.0","+3.0"
"13","3","","James Conner","PIT","RB6","7","2","46","13.2","5.5","9.0","-4.0"
"14","3","","Le'Veon Bell","NYJ","RB7","4","2","41","14.1","5.1","8.0","-6.0"
"15","3","","Nick Chubb","CLE","RB8","7","2","38","16.0","5.2","18.0","+3.0"
"16","3","","Tyreek Hill","KC","WR7","12","6","28","16.5","5.2","16.0","0.0"
"17","3","","Dalvin Cook","MIN","RB9","12","5","37","16.9","4.4","19.0","+2.0"
"18","3","","Mike Evans","TB","WR8","7","7","31","18.3","3.2","22.0","+4.0"
"19","3","","Joe Mixon","CIN","RB10","9","8","39","19.5","5.3","17.0","-2.0"
"20","3","","Keenan Allen","LAC","WR9","12","11","39","21.0","4.1","24.0","+4.0"
"21","3","","Todd Gurley","LAR","RB11","9","2","42","21.8","7.6","13.0","-8.0"
"22","3","","Antonio Brown","OAK","WR10","6","11","47","23.1","6.6","20.0","-2.0"
"23","4","","Adam Thielen","MIN","WR11","12","10","58","26.4","4.8","23.0","0.0"
"24","4","","Stefon Diggs","MIN","WR12","12","17","43","27.2","3.7","34.0","+10.0"
"25","4","","George Kittle","SF","TE2","4","15","52","27.5","5.6","29.0","+4.0"
"26","4","","Damien Williams","KC","RB12","12","8","65","28.3","9.3","25.0","-1.0"
"27","4","","Kerryon Johnson","DET","RB13","5","14","59","28.9","7.8","28.0","+1.0"
"28","4","","Amari Cooper","DAL","WR13","8","10","54","29.5","6.8","33.0","+5.0"
"29","4","","Leonard Fournette","JAC","RB14","10","16","60","31.8","7.7","26.0","-3.0"
"30","4","","Aaron Jones","GB","RB15","11","11","68","31.8","8.3","31.0","+1.0"
"31","4","","Zach Ertz","PHI","TE3","10","15","48","32.1","7.0","27.0","-4.0"
"32","4","","Julian Edelman","NE","WR14","10","17","67","34.1","8.6","38.0","+6.0"
"33","4","","Brandin Cooks","LAR","WR15","9","18","64","34.2","6.9","39.0","+6.0"
"34","4","","Devonta Freeman","ATL","RB16","9","13","57","34.2","7.4","30.0","-4.0"
"35","4","","Robert Woods","LAR","WR16","9","17","63","35.5","7.3","41.0","+6.0"
"36","5","","Chris Godwin","TB","WR17","7","17","79","38.3","9.1","50.0","+14.0"
"37","5","","Patrick Mahomes","KC","QB1","12","18","69","38.9","8.2","21.0","-16.0"
"38","5","","Chris Carson","SEA","RB17","11","15","68","40.0","9.7","42.0","+4.0"
"39","5","","Kenny Golladay","DET","WR18","5","27","101","42.8","9.3","43.0","+4.0"
"40","5","","Josh Jacobs","OAK","RB18","6","25","201","42.8","18.3","32.0","-8.0"
"41","5","","Melvin Gordon","LAC","RB19","12","6","132","43.6","18.1","36.0","-5.0"
"42","5","","Tyler Lockett","SEA","WR19","11","27","94","47.8","12.2","48.0","+6.0"
"43","5","","Derrick Henry","TEN","RB20","11","26","79","49.1","9.7","37.0","-6.0"
"44","5","","Cooper Kupp","LAR","WR20","9","24","95","49.5","10.8","49.0","+5.0"
"45","5","","Mark Ingram","BAL","RB21","8","21","72","49.6","10.9","46.0","+1.0"
"46","5","","Marlon Mack","IND","RB22","6","37","83","49.6","10.9","40.0","-6.0"
"47","5","","David Montgomery","CHI","RB23","6","14","230","49.9","22.6","45.0","-2.0"
"48","5","","Tyler Boyd","CIN","WR21","9","30","128","51.9","9.9","54.0","+6.0"
"49","5","","O.J. Howard","TB","TE4","7","25","92","52.3","7.9","56.0","+7.0"
"50","5","","Sony Michel","NE","RB24","10","27","82","52.9","10.3","47.0","-3.0"
"51","5","","James White","NE","RB25","10","19","102","53.2","11.7","51.0","0.0"
"52","5","","Evan Engram","NYG","TE5","11","25","116","54.1","12.0","57.0","+5.0"
"53","6","","T.Y. Hilton","IND","WR22","6","46","93","56.8","11.1","35.0","-18.0"
"54","6","","Alshon Jeffery","PHI","WR23","10","28","88","57.5","10.1","62.0","+8.0"
"55","6","","Duke Johnson","HOU","RB26","10","29","106","57.9","17.2","76.0","+21.0"
"56","6","","Calvin Ridley","ATL","WR24","9","31","91","58.1","10.9","55.0","-1.0"
"57","6","","Phillip Lindsay","DEN","RB27","10","33","108","58.5","12.2","52.0","-5.0"
"58","6","","Deshaun Watson","HOU","QB2","10","36","271","58.8","8.9","44.0","-14.0"
"59","6","","D.J. Moore","CAR","WR25","7","27","131","59.3","13.6","60.0","+1.0"
"60","6","","Allen Robinson","CHI","WR26","6","32","126","59.3","13.6","67.0","+7.0"
"61","6","","Hunter Henry","LAC","TE6","12","34","120","63.6","15.8","66.0","+5.0"
"62","6","","Tevin Coleman","SF","RB28","4","35","94","64.0","10.3","64.0","+2.0"
"63","6","","Aaron Rodgers","GB","QB3","11","36","272","64.2","10.6","53.0","-10.0"
"64","6","","Jarvis Landry","CLE","WR27","7","24","126","64.7","13.6","65.0","+1.0"
"65","6","","Tarik Cohen","CHI","RB29","6","21","122","65.2","12.7","61.0","-4.0"
"66","6","","Mike Williams","LAC","WR28","12","38","97","66.7","12.9","58.0","-8.0"
"67","6","","Robby Anderson","NYJ","WR29","4","39","130","71.0","14.2","70.0","+3.0"
"68","6","","Miles Sanders","PHI","RB30","10","41","250","72.6","28.5","75.0","+7.0"
"69","6","","Kenyan Drake","MIA","RB31","5","16","158","72.8","18.0","73.0","+4.0"
"70","6","","A.J. Green","CIN","WR30","9","43","124","74.3","19.3","59.0","-11.0"
"71","7","","Latavius Murray","NO","RB32","9","33","138","74.8","11.9","87.0","+16.0"
"72","7","","Austin Ekeler","LAC","RB33","12","40","149","75.3","17.0","68.0","-4.0"
"73","7","","Baker Mayfield","CLE","QB4","7","36","276","77.8","13.9","63.0","-10.0"
"74","7","","Josh Gordon","NE","WR31","10","43","149","78.4","21.0","69.0","-5.0"
"75","7","","Matt Ryan","ATL","QB5","9","36","273","80.1","16.0","71.0","-4.0"
"76","7","","Dede Westbrook","JAC","WR32","10","27","139","80.7","20.1","81.0","+5.0"
"77","7","","Christian Kirk","ARI","WR33","12","46","134","80.9","14.4","85.0","+8.0"
"78","7","","Derrius Guice","WAS","RB34","10","23","150","81.5","18.5","74.0","-4.0"
"79","7","","Corey Davis","TEN","WR34","11","43","133","82.1","16.4","86.0","+7.0"
"80","7","","Sammy Watkins","KC","WR35","12","47","136","83.6","13.7","79.0","-1.0"
"81","7","","Will Fuller","HOU","WR36","10","49","166","84.2","13.4","77.0","-4.0"
"82","7","","Jared Cook","NO","TE7","9","9","135","85.2","19.7","72.0","-10.0"
"83","7","","Curtis Samuel","CAR","WR37","7","53","202","85.5","16.5","97.0","+14.0"
"84","7","","Rashaad Penny","SEA","RB35","11","60","200","87.1","18.3","93.0","+9.0"
"85","7","","Sterling Shepard","NYG","WR38","11","58","137","88.6","15.1","82.0","-3.0"
"86","7","","Royce Freeman","DEN","RB36","10","61","143","89.8","17.0","101.0","+15.0"
"87","7","","Marvin Jones","DET","WR39","5","62","160","90.9","12.5","99.0","+12.0"
"88","7","","Carson Wentz","PHI","QB6","10","56","274","91.6","14.8","78.0","-10.0"
"89","7","","Cam Newton","CAR","QB7","7","36","277","92.8","15.1","94.0","+5.0"
"90","7","","Larry Fitzgerald","ARI","WR40","12","53","145","93.6","16.7","95.0","+5.0"
"91","7","","Vance McDonald","PIT","TE8","7","55","235","94.9","26.7","80.0","-11.0"
"92","7","","Matt Breida","SF","RB37","4","46","223","95.2","30.1","105.0","+13.0"
"93","7","","Russell Wilson","SEA","QB8","11","54","279","95.5","15.2","91.0","-2.0"
"94","7","","Dante Pettis","SF","WR41","4","47","154","96.9","18.5","103.0","+9.0"
"95","7","","David Njoku","CLE","TE9","7","48","181","97.5","21.9","88.0","-7.0"
"96","8","","Jordan Howard","PHI","RB38","10","60","201","101.0","26.4","90.0","-6.0"
"97","8","","Drew Brees","NO","QB9","9","36","280","104.3","16.5","84.0","-13.0"
"98","8","","LeSean McCoy","BUF","RB39","6","57","195","101.6","24.9","102.0","+4.0"
"99","8","","Jared Goff","LAR","QB10","9","62","281","105.2","15.1","96.0","-3.0"
"100","8","","Dion Lewis","TEN","RB40","11","64","201","106.1","19.6","127.0","+27.0"
"101","8","","Darrell Henderson","LAR","RB41","9","37","257","106.4","29.7","98.0","-3.0"
"102","8","","Austin Hooper","ATL","TE10","9","52","211","107.2","22.3","106.0","+4.0"
"103","8","","Jameis Winston","TB","QB11","7","59","282","107.4","14.6","115.0","+12.0"
"104","8","","Kalen Ballage","MIA","RB42","5","62","201","107.6","25.8","136.0","+32.0"
"105","8","","Geronimo Allison","GB","WR42","11","66","194","107.8","16.4","108.0","+3.0"
"106","8","","Courtland Sutton","DEN","WR43","10","74","147","108.4","16.0","100.0","-6.0"
"107","8","","Emmanuel Sanders","DEN","WR44","10","53","229","107.4","28.2","92.0","-15.0"
"108","8","","Marquez Valdes-Scantling","GB","WR45","11","60","233","116.9","24.4","107.0","-1.0"
"109","8","","Lamar Jackson","BAL","QB12","8","62","275","117.2","22.2","118.0","+9.0"
"110","8","","Kyler Murray","ARI","QB13","12","69","283","117.3","29.1","109.0","-1.0"
"111","8","","Peyton Barber","TB","RB43","7","61","209","118.3","26.0","112.0","+1.0"
"112","8","","Keke Coutee","HOU","WR46","10","73","175","116.7","16.8","143.0","+31.0"
"113","8","","Ben Roethlisberger","PIT","QB14","7","63","286","120.3","18.0","110.0","-3.0"
"114","8","","Anthony Miller","CHI","WR47","6","87","241","120.6","23.3","132.0","+18.0"
"115","8","","Dak Prescott","DAL","QB15","8","79","278","122.4","19.6","131.0","+16.0"
"116","8","","Michael Gallup","DAL","WR48","8","77","234","124.2","22.6","122.0","+6.0"
"117","8","","DeSean Jackson","PHI","WR49","10","77","203","125.1","20.5","120.0","+3.0"
"118","8","","Delanie Walker","TEN","TE11","11","55","344","126.7","31.9","111.0","-7.0"
"119","8","","Donte Moncrief","PIT","WR50","7","63","241","126.9","29.3","123.0","+4.0"
"120","8","","Jaylen Samuels","PIT","RB44","7","68","214","127.2","27.4","116.0","-4.0"
"121","8","","Golden Tate","NYG","WR51","11","80","231","127.7","26.0","141.0","+20.0"
"122","8","","Philip Rivers","LAC","QB16","12","74","289","131.4","18.2","124.0","+2.0"
"123","8","","Adrian Peterson","WAS","RB45","10","65","214","126.6","28.1","126.0","+3.0"
"124","8","","Jamison Crowder","NYJ","WR52","4","89","229","130.8","27.7","142.0","+18.0"
"125","8","","Ronald Jones II","TB","RB46","7","72","237","129.5","33.2","134.0","+9.0"
"126","8","","John Brown","BUF","WR53","6","58","217","133.8","21.4","152.0","+26.0"
"127","8","","Tyrell Williams","OAK","WR54","6","58","263","134.0","33.1","133.0","+6.0"
"128","9","","Tom Brady","NE","QB17","10","85","285","139.9","16.9","117.0","-11.0"
"129","9","","Trey Burton","CHI","TE12","6","85","246","139.9","34.5","138.0","+9.0"
"130","9","","Mitch Trubisky","CHI","QB18","6","86","288","142.1","25.6","148.0","+18.0"
"131","9","","Justice Hill","BAL","RB47","8","59","275","139.5","39.1","159.0","+28.0"
"132","9","","Devin Singletary","BUF","RB48","6","33","278","137.8","36.2","129.0","-3.0"
"133","9","","Justin Jackson","LAC","RB49","12","70","258","144.2","40.5","149.0","+16.0"
"134","9","","James Washington","PIT","WR55","7","81","271","144.7","36.5","114.0","-20.0"
"135","9","","Kirk Cousins","MIN","QB19","12","90","284","142.9","24.5","139.0","+4.0"
"136","9","","Chris Thompson","WAS","RB50","10","73","320","138.3","35.2","190.0","+54.0"
"137","9","","Josh Allen","BUF","QB20","6","85","287","149.8","27.9","170.0","+33.0"
"138","9","","Darwin Thompson","KC","RB51","12","64","289","131.8","51.7","121.0","-17.0"
"139","9","","Ito Smith","ATL","RB52","9","77","252","143.8","34.6","151.0","+12.0"
"140","9","","DaeSean Hamilton","DEN","WR56","10","97","274","146.4","28.5","214.0","+74.0"
"141","9","","Kenny Stills","MIA","WR57","5","66","234","152.1","28.6","188.0","+47.0"
"142","9","","Damien Harris","NE","RB53","10","75","263","155.4","37.5","155.0","+13.0"
"143","9","","Jimmy Garoppolo","SF","QB21","4","101","291","161.5","23.8","166.0","+23.0"
"144","9","","Tony Pollard","DAL","RB54","8","65","331","141.1","52.7","154.0","+10.0"
"145","9","","Jordan Reed","WAS","TE13","10","86","323","165.9","46.9","157.0","+12.0"
"146","9","","Mark Andrews","BAL","TE14","8","82","314","167.8","56.6","153.0","+7.0"
"147","9","","Eric Ebron","IND","TE15","6","123","269","172.9","37.5","83.0","-64.0"
"148","9","","Kareem Hunt","CLE","RB55","7","77","242","161.3","37.7","104.0","-44.0"
"149","9","","Adam Humphries","TEN","WR58","11","80","358","164.1","38.9","179.0","+30.0"
"150","9","","Sam Darnold","NYJ","QB22","4","112","290","166.6","23.7","185.0","+35.0"
"151","9","","Mohamed Sanu","ATL","WR59","9","93","268","165.1","37.9","171.0","+20.0"
"152","9","","Kyle Rudolph","MIN","TE16","12","92","291","168.1","40.7","140.0","-12.0"
"153","9","","Giovani Bernard","CIN","RB56","9","103","262","157.7","29.9","207.0","+54.0"
"154","9","","C.J. Anderson","DET","RB57","5","106","262","166.3","30.4","181.0","+27.0"
"155","9","","D.K. Metcalf","SEA","WR60","11","94","308","169.0","38.0","137.0","-18.0"
"156","10","","Alexander Mattison","MIN","RB58","12","91","294","166.0","36.7","161.0","+5.0"
"157","10","","Albert Wilson","MIA","WR61","5","101","271","173.8","39.2","213.0","+56.0"
"158","10","","Tre'Quan Smith","NO","WR62","9","87","277","176.2","32.2","187.0","+29.0"
"159","10","","Marquise Goodwin","SF","WR63","4","121","372","176.8","47.6","192.0","+33.0"
"160","10","","Nyheim Hines","IND","RB59","6","161","225","186.8","23.8","130.0","-30.0"
"161","10","","Jimmy Graham","GB","TE17","11","52","291","186.9","48.9","158.0","-3.0"
"162","10","","Matthew Stafford","DET","QB23","5","123","292","180.9","25.2","180.0","+18.0"
"163","10","","Jalen Richard","OAK","RB60","6","78","263","167.0","36.8","201.0","+38.0"
"164","10","","Jacoby Brissett","IND","QB24","6","143","247","190.9","23.1","251.0","+87.0"
"165","10","","Jamaal Williams","GB","RB61","11","77","250","168.8","33.9","232.0","+67.0"
"166","10","","Greg Olsen","CAR","TE18","7","75","296","186.6","45.1","144.0","-22.0"
"167","10","","Mike Davis","CHI","RB62","6","83","250","173.2","29.8","235.0","+68.0"
"168","10","","Deebo Samuel","SF","WR64","4","81","285","176.8","44.6","178.0","+10.0"
"169","10","","Chicago (CHI)","","DST1","6","127","229","166.3","12.0","89.0","-80.0"
"170","10","","N'Keal Harry","NE","WR65","10","66","369","184.2","56.0","163.0","-7.0"
"171","10","","Quincy Enunwa","NYJ","WR66","4","99","307","182.2","41.3","281.0","+110.0"
"172","10","","Derek Carr","OAK","QB25","6","130","295","188.3","26.3","175.0","+3.0"
"173","10","","Jacksonville (JAC)","","DST2","10","125","269","171.5","15.6","125.0","-48.0"
"174","10","","Chase Edmonds","ARI","RB63","12","106","258","186.0","36.4","259.0","+85.0"
"175","10","","Los Angeles (LAR)","","DST3","9","134","231","169.9","9.9","113.0","-62.0"
"176","10","","Devante Parker","MIA","WR67","5","88","268","179.4","38.0","238.0","+62.0"
"177","10","","T.J. Hockenson","DET","TE19","5","55","354","198.6","58.5","160.0","-17.0"
"178","10","","Minnesota (MIN)","","DST4","12","129","236","173.4","10.7","135.0","-43.0"
"179","10","","Baltimore (BAL)","","DST5","8","116","290","176.4","22.6","147.0","-32.0"
"180","10","","Los Angeles (LAC)","","DST6","12","132","352","177.1","28.6","146.0","-34.0"
"181","10","","Cleveland (CLE)","","DST7","7","132","236","176.6","13.8","150.0","-31.0"
"182","10","","Greg Zuerlein","LAR","K1","9","133","240","179.9","10.6","119.0","-63.0"
"183","10","","Devin Funchess","IND","WR68","6","162","293","204.5","30.4","162.0","-21.0"
"184","10","","Houston (HOU)","","DST8","10","146","323","179.5","20.6","169.0","-15.0"
"185","10","","New Orleans (NO)","","DST9","9","135","241","179.5","13.2","177.0","-8.0"
"186","10","","Andy Dalton","CIN","QB26","9","146","297","199.2","22.8","219.0","+33.0"
"187","10","","Harrison Butker","KC","K2","12","115","217","181.8","8.0","145.0","-42.0"
"188","10","","Malcolm Brown","LAR","RB64","9","116","262","184.6","36.1","241.0","+53.0"
"189","10","","Carlos Hyde","KC","RB65","12","70","364","179.8","51.6","168.0","-21.0"
"190","10","","Stephen Gostkowski","NE","K3","10","143","256","185.0","11.4","164.0","-26.0"
"191","10","","Justin Tucker","BAL","K4","8","138","302","182.7","16.2","128.0","-63.0"
"192","10","","Denver (DEN)","","DST10","10","134","276","184.4","19.4","167.0","-25.0"
"193","10","","Wil Lutz","NO","K5","9","157","245","185.8","8.3","156.0","-37.0"
"194","10","","New England (NE)","","DST11","10","148","242","190.0","18.7","174.0","-20.0"
"195","10","","Chris Herndon IV","NYJ","TE20","4","116","360","218.3","48.1","217.0","+22.0"
"196","10","","Nick Foles","JAC","QB27","10","146","365","209.8","29.0","198.0","+2.0"
"197","11","","Zay Jones","BUF","WR69","6","115","370","204.7","47.6","246.0","+49.0"
"198","11","","Mason Crosby","GB","K6","11","159","255","193.6","16.6","205.0","+7.0"
"199","11","","Buffalo (BUF)","","DST12","6","151","345","193.7","29.3","210.0","+11.0"
"200","11","","Marquise Brown","BAL","WR70","8","80","322","209.8","45.3","191.0","-9.0"
"201","11","","Ka'imi Fairbairn","HOU","K7","10","146","332","194.3","28.7","176.0","-25.0"
"202","11","","Jerick McKinnon","SF","RB66","4","57","363","190.0","59.2","184.0","-18.0"
"203","11","","Jake Elliott","PHI","K8","10","160","273","193.4","14.5","203.0","0.0"
"204","11","","Noah Fant","DEN","TE21","10","82","351","226.1","52.0","186.0","-18.0"
"205","11","","Marcus Mariota","TEN","QB28","11","112","300","216.0","23.6","204.0","-1.0"
"206","11","","Ty Montgomery","NYJ","RB67","4","103","289","192.1","48.0","242.0","+36.0"
"207","11","","Rex Burkhead","NE","RB68","10","95","272","184.4","33.8","255.0","+48.0"
"208","11","","Trey Quinn","WAS","WR71","10","103","349","204.7","51.2","291.0","+83.0"
"209","11","","Jack Doyle","IND","TE22","6","193","354","226.9","29.6","182.0","-27.0"
"210","11","","Dallas (DAL)","","DST13","8","130","314","202.0","30.3","173.0","-37.0"
"211","11","","Mecole Hardman","KC","WR72","12","109","349","215.9","47.6","165.0","-46.0"
"212","11","","Randall Cobb","DAL","WR73","8","117","317","216.6","39.3","206.0","-6.0"
"213","11","","Philadelphia (PHI)","","DST14","10","122","314","207.0","24.8","172.0","-41.0"
"214","11","","Taylor Gabriel","CHI","WR74","6","113","346","211.7","42.2","253.0","+39.0"
"215","11","","Robert Foster","BUF","WR75","6","58","357","205.4","60.3","266.0","+51.0"
"216","11","","Brett Maher","DAL","K9","8","161","281","203.1","25.5","193.0","-23.0"
"217","11","","Dallas Goedert","PHI","TE23","10","109","344","227.1","47.1","195.0","-22.0"
"218","11","","Michael Badgley","LAC","K10","12","164","309","207.0","30.2","209.0","-9.0"
"219","11","","Robbie Gould","SF","K11","4","163","311","207.7","33.0","183.0","-36.0"
"220","11","","Matt Prater","DET","K12","5","162","353","210.2","35.7","200.0","-20.0"
"221","11","","Parris Campbell","IND","WR76","6","191","295","224.4","26.4","224.0","+3.0"
"222","11","","Joe Flacco","DEN","QB29","10","159","366","233.9","27.2","225.0","+3.0"
"223","11","","Ryquell Armstead","JAC","RB69","10","127","294","209.1","36.2","274.0","+51.0"
"224","11","","Frank Gore","BUF","RB70","6","140","272","210.1","30.6","258.0","+34.0"
"225","11","","Pittsburgh (PIT)","","DST15","7","168","303","227.1","31.6","202.0","-23.0"
"226","11","","Ted Ginn","NO","WR77","9","133","346","231.1","42.3","215.0","-11.0"
"227","11","","Marqise Lee","JAC","WR78","10","112","343","227.2","46.6","252.0","+25.0"
"228","11","","Gus Edwards","BAL","RB71","8","91","322","215.6","33.3","275.0","+47.0"
"229","11","","Cole Beasley","BUF","WR79","6","105","358","229.7","61.6","196.0","-33.0"
"230","11","","Seattle (SEA)","","DST16","11","127","314","228.6","31.3","212.0","-18.0"
"231","11","","Nelson Agholor","PHI","WR80","10","104","347","232.5","36.2","245.0","+14.0"
"232","11","","Darren Waller","OAK","TE24","6","90","334","225.5","61.2","199.0","-33.0"
"233","11","","A.J. Brown","TEN","WR81","11","108","306","221.6","35.5","243.0","+10.0"
"234","11","","Andy Isabella","ARI","WR82","12","121","385","230.9","45.5","248.0","+14.0"
"235","11","","David Moore","SEA","WR83","11","109","344","229.2","39.9","270.0","+35.0"
"236","11","","Tyler Eifert","CIN","TE25","9","116","351","249.4","48.5","208.0","-28.0"
"237","11","","Adam Vinatieri","IND","K13","6","179","322","236.4","36.4","194.0","-43.0"
"238","11","","Eli Manning","NYG","QB30","11","160","390","244.4","25.6","239.0","+1.0"
"239","11","","Tennessee (TEN)","","DST17","11","171","307","231.9","30.1","222.0","-17.0"
"240","11","","Rashard Higgins","CLE","WR84","7","100","327","232.1","51.2","264.0","+24.0"
"241","11","","D.J. Chark","JAC","WR85","10","81","396","236.5","45.1","308.0","+67.0"
"242","11","","T.J. Yeldon","BUF","RB72","6","106","313","217.4","33.6","261.0","+19.0"
"243","11","","Mike Gesicki","MIA","TE26","5","135","357","253.3","48.0","262.0","+19.0"
"244","11","","Ryan Fitzpatrick","MIA","QB31","5","155","409","244.6","27.3","301.0","+57.0"
"245","11","","Indianapolis (IND)","","DST18","6","171","318","243.9","40.2","218.0","-27.0"
"246","12","","Jason Myers","SEA","K14","11","181","324","249.8","36.6","216.0","-30.0"
"247","12","","Elijah McGuire","NYJ","RB73","4","77","331","212.5","50.5","296.0","+49.0"
"248","12","","Kansas City (KC)","","DST19","12","170","330","248.5","40.3","189.0","-59.0"
"249","12","","John Ross","CIN","WR86","9","136","315","238.2","41.4","284.0","+35.0"
"250","12","","Kenneth Dixon","BAL","RB74","8","83","358","219.7","43.9","338.0","+88.0"
"251","12","","Dwayne Haskins","WAS","QB32","10","161","395","251.3","28.6","230.0","-21.0"
"252","12","","Paul Richardson","WAS","WR87","10","151","376","247.2","42.7","297.0","+45.0"
"253","12","","Josh Rosen","MIA","QB33","5","163","403","254.9","28.5","278.0","+25.0"
"254","12","","Willie Snead","BAL","WR88","8","112","349","245.0","39.7","271.0","+17.0"
"255","12","","Danny Amendola","DET","WR89","5","143","395","252.2","45.6","260.0","+5.0"
"256","12","","Case Keenum","WAS","QB34","10","162","412","259.9","29.6","343.0","+87.0"
"257","12","","Theo Riddick","DEN","RB75","10","145","363","222.4","38.7","359.0","+102.0"
"258","12","","Gerald Everett","LAR","TE27","9","127","351","269.9","38.6","272.0","+14.0"
"259","12","","Miles Boykin","BAL","WR90","8","114","369","243.3","61.9","289.0","+30.0"
"260","12","","Benny Snell Jr.","PIT","RB76","7","78","331","240.3","32.4","290.0","+30.0"
"261","12","","Antonio Callaway","CLE","WR91","7","131","371","253.5","49.2","288.0","+27.0"
"262","12","","J.J. Arcega-Whiteside","PHI","WR92","10","152","372","251.9","43.2","257.0","-5.0"
"263","12","","Carolina (CAR)","","DST20","7","173","318","268.0","33.1","234.0","-29.0"
"264","12","","Josh Doctson","WAS","WR93","10","154","390","259.4","46.4","304.0","+40.0"
"265","12","","Graham Gano","CAR","K15","7","180","326","261.3","34.0","277.0","+12.0"
"266","12","","Corey Clement","PHI","RB77","10","164","343","240.3","28.8","332.0","+66.0"
"267","12","","Jason Witten","DAL","TE28","8","131","352","278.3","47.1","197.0","-70.0"
"268","12","","Atlanta (ATL)","","DST21","9","174","317","275.6","36.8","227.0","-41.0"
"269","12","","Green Bay (GB)","","DST22","11","140","330","275.1","40.6","221.0","-48.0"
"270","12","","Aldrick Rosas","NYG","K16","11","148","332","273.5","30.8","220.0","-50.0"
"271","12","","Dexter Williams","GB","RB78","11","129","357","239.6","43.0","322.0","+51.0"
"272","12","","Alfred Blue","JAC","RB79","10","162","313","247.9","31.0","306.0","+34.0"
"273","12","","Daniel Jones","NYG","QB35","11","165","358","261.8","26.1","249.0","-24.0"
"274","12","","Chris Boswell","PIT","K17","7","180","332","281.8","36.1","228.0","-46.0"
"275","12","","Josh Reynolds","LAR","WR94","9","196","370","271.5","37.4","395.0","+120.0"
"276","12","","Chris Conley","JAC","WR95","10","149","382","269.4","42.3","419.0","+143.0"
"277","12","","Dontrell Hilliard","CLE","RB80","7","102","384","223.4","50.7","283.0","+6.0"
"278","12","","Keelan Cole","JAC","WR96","10","88","363","276.1","38.0","326.0","+48.0"
"279","12","","Terry McLaurin","WAS","WR97","10","100","348","254.6","55.3","325.0","+46.0"
"280","12","","Cameron Brate","TB","TE29","7","158","390","294.3","40.8","311.0","+31.0"
"281","12","","Ryan Succop","TEN","K18","11","182","339","289.9","30.6","265.0","-16.0"
"282","12","","Jordan Wilkins","IND","RB81","6","198","357","261.4","32.7","491.0","+209.0"
"283","12","","Devontae Booker","DEN","RB82","10","184","382","255.0","33.7","327.0","+44.0"
"284","12","","Phillip Dorsett","NE","WR98","10","163","381","277.0","42.1","268.0","-16.0"
"285","12","","Dare Ogunbowale","TB","RB83","7","78","379","193.0","57.0","256.0","-29.0"
"286","12","","KeeSean Johnson","ARI","WR99","12","134","374","246.2","60.9","299.0","+13.0"
"287","12","","Ian Thomas","CAR","TE30","7","173","366","298.4","39.4","267.0","-20.0"
"288","12","","Giorgio Tavecchio","ATL","K19","9","185","353","261.4","56.8","211.0","-77.0"
"289","12","","Wayne Gallman","NYG","RB84","11","181","359","261.9","31.6","312.0","+23.0"
"290","12","","Jalen Hurd","SF","WR100","4","133","390","270.9","48.9","236.0","-54.0"
"291","12","","Doug Martin","OAK","RB85","6","158","321","241.6","32.4","307.0","+16.0"
"292","12","","Dan Bailey","MIN","K20","12","184","342","280.4","37.3","226.0","-66.0"
"293","12","","Brandon McManus","DEN","K21","10","183","346","295.7","35.2","231.0","-62.0"
"294","12","","Josh Lambo","JAC","K22","10","149","353","299.3","40.8","250.0","-44.0"
"295","12","","Washington (WAS)","","DST23","10","136","345","293.3","42.0","263.0","-32.0"
"296","13","","Josh Adams","PHI","RB86","10","77","408","255.4","48.4","438.0","+142.0"
"297","13","","Brian Hill","ATL","RB87","9","145","357","243.8","45.1","303.0","+6.0"
"298","13","","Damarea Crockett","HOU","RB88","10","138","368","238.9","47.3","362.0","+64.0"
"299","13","","Arizona (ARI)","","DST24","12","169","347","296.4","33.5","292.0","-7.0"
"300","13","","Demaryius Thomas","NE","WR101","10","134","388","275.5","47.1","223.0","-77.0"
"301","13","","Ryan Tannehill","TEN","QB36","11","166","338","274.8","21.6","420.0","+119.0"
"302","13","","Wendell Smallwood","PHI","RB89","10","201","349","263.1","30.3","436.0","+134.0"
"303","13","","Detroit (DET)","","DST25","5","170","344","303.3","28.4","247.0","-56.0"
"304","13","","New York (NYJ)","","DST26","4","178","355","290.9","39.7","237.0","-67.0"
"305","13","","Equanimeous St. Brown","GB","WR102","11","163","379","289.2","40.8","358.0","+53.0"
"306","13","","Breshad Perriman","TB","WR103","7","156","388","290.9","48.2","363.0","+57.0"
"307","13","","Hayden Hurst","BAL","TE31","8","206","391","308.5","34.2","346.0","+39.0"
"308","13","","Diontae Johnson","PIT","WR104","7","163","386","285.8","49.5","355.0","+47.0"
"309","13","","Taywan Taylor","TEN","WR105","11","216","383","296.9","40.4","425.0","+116.0"
"310","13","","Hunter Renfrow","OAK","WR106","6","141","352","266.0","57.3","276.0","-34.0"
"311","13","","Ricky Seals-Jones","ARI","TE32","12","147","391","310.1","36.8","373.0","+62.0"
"312","13","","Chris Hogan","CAR","WR107","7","176","393","299.4","43.0","313.0","+1.0"
"313","13","","Bilal Powell","NYJ","RB90","4","200","375","273.7","40.3","334.0","+21.0"
"314","13","","Cameron Artis-Payne","CAR","RB91","7","140","388","286.5","34.9","351.0","+37.0"
"315","13","","New York (NYG)","","DST27","11","168","355","311.2","34.4","285.0","-30.0"
"316","13","","Qadree Ollison","ATL","RB92","9","153","339","263.1","34.6","329.0","+13.0"
"317","13","","Will Dissly","SEA","TE33","11","192","386","302.7","46.6","370.0","+53.0"
"318","13","","John Kelly","LAR","RB93","9","225","382","283.8","37.4","614.0","+296.0"
"319","13","","Steven Hauschka","BUF","K23","6","151","342","308.8","37.8","280.0","-39.0"
"320","13","","Jaron Brown","SEA","WR108","11","148","386","251.6","51.9","354.0","+34.0"
"321","13","","Jake Kumerow","GB","WR109","11","179","396","309.6","40.1","318.0","-3.0"
"322","13","","Preston Williams","MIA","WR110","5","89","383","265.3","63.6","254.0","-68.0"
"323","13","","Greg Joseph","CLE","K24","7","177","348","301.9","34.8","337.0","+14.0"
"324","13","","Deon Cain","IND","WR111","6","195","388","308.6","46.6","335.0","+11.0"
"325","13","","D'Onta Foreman","FA","RB94","","127","385","238.1","64.4","300.0","-25.0"
"326","13","","Myles Gaskin","MIA","RB95","5","119","367","285.5","31.1","416.0","+90.0"
"327","13","","Rod Smith","NYG","RB96","11","214","359","286.9","30.7","1,034.0","+707.0"
"328","13","","Mike Weber","DAL","RB97","8","221","359","287.5","28.7","336.0","+8.0"
"329","13","","San Francisco (SF)","","DST28","4","145","348","303.3","38.3","229.0","-100.0"
"330","13","","Demarcus Robinson","KC","WR112","12","192","375","307.4","43.7","302.0","-28.0"
"331","13","","Spencer Ware","IND","RB98","6","160","386","272.7","45.3","456.0","+125.0"
"332","13","","Ameer Abdullah","MIN","RB99","12","240","375","293.2","30.7","413.0","+81.0"
"333","13","","Michael Crabtree","ARI","WR113","12","137","372","270.7","52.9","309.0","-24.0"
"334","13","","Jakobi Meyers","NE","WR114","10","131","377","282.8","62.6","287.0","-47.0"
"335","13","","Charles Clay","ARI","TE34","12","241","391","329.3","30.7","368.0","+33.0"
"336","13","","Trayveon Williams","CIN","RB100","9","202","365","283.4","28.9","369.0","+33.0"
"337","13","","Nick Vannett","SEA","TE35","11","241","392","332.3","29.3","442.0","+105.0"
"338","13","","Travis Benjamin","LAC","WR115","12","152","362","272.6","48.5","342.0","+4.0"
"339","13","","Alfred Morris","DAL","RB101","8","158","381","280.5","45.3","305.0","-34.0"
"340","13","","Darren Sproles","PHI","RB102","10","164","360","262.3","45.9","371.0","+31.0"
"341","13","","Matt LaCosse","NE","TE36","10","198","374","303.3","47.2","269.0","-72.0"
"342","13","","Cordarrelle Patterson","CHI","WR116","6","217","388","315.7","35.0","348.0","+6.0"
"343","13","","Jordan Thomas","HOU","TE37","10","199","384","302.4","45.6","286.0","-57.0"
"344","13","","Irv Smith Jr.","MIN","TE38","12","162","366","319.4","39.0","244.0","-100.0"
"345","13","","Zach Zenner","FA","RB103","","209","401","302.3","34.8","457.0","+112.0"
"346","13","","Daniel Carlson","OAK","K25","6","152","353","312.9","42.0","314.0","-32.0"
"347","13","","Taysom Hill","NO","QB37","9","246","367","292.1","28.0","319.0","-28.0"
"348","13","","Ty Johnson","DET","RB104","5","161","359","246.0","55.0","400.0","+52.0"
"349","13","","Geoff Swaim","JAC","TE39","10","129","381","300.8","42.9","331.0","-18.0"
"350","13","","Bruce Anderson","TB","RB105","7","144","333","285.3","28.9","376.0","+26.0"
"351","13","","Andre Ellington","TB","RB106","7","160","392","282.8","53.9","1,039.0","+688.0"
"352","13","","Jordan Scarlett","CAR","RB107","7","162","364","267.3","58.1","403.0","+51.0"
"353","13","","Drew Lock","DEN","QB38","10","164","357","289.8","25.6","488.0","+135.0"
"354","13","","Keith Kirkwood","NO","WR117","9","210","390","321.2","41.2","570.0","+216.0"
"355","13","","Benjamin Watson","NE","TE40","10","227","394","314.4","41.1","240.0","-115.0"
"356","13","","Mark Walton","MIA","RB108","5","168","386","291.8","45.5","544.0","+188.0"
"357","14","","Jeff Wilson","SF","RB109","4","230","376","297.2","36.2","511.0","+154.0"
"358","14","","Darrel Williams","KC","RB110","12","158","388","291.9","54.1","350.0","-8.0"
"359","14","","Trent Taylor","SF","WR118","4","176","387","306.2","48.2","1,037.0","+678.0"
"360","14","","Jonnu Smith","TEN","TE41","11","211","381","323.3","41.1","424.0","+64.0"
"361","14","","Bryce Love","WAS","RB111","10","209","393","292.6","44.3","391.0","+30.0"
"362","14","","Trenton Cannon","NYJ","RB112","4","231","383","299.2","34.8","832.0","+470.0"
"363","14","","Miami (MIA)","","DST29","5","166","355","324.6","25.0","273.0","-90.0"
"364","14","","Blake Bortles","LAR","QB39","9","244","338","303.5","22.7","374.0","+10.0"
"365","14","","Mike Boone","MIN","RB113","12","199","365","296.3","40.8","548.0","+183.0"
"366","14","","Ryan Grant","OAK","WR119","6","203","394","327.6","34.9","824.0","+458.0"
"367","14","","Justin Watson","TB","WR120","7","210","383","304.0","46.2","560.0","+193.0"
"368","14","","Tampa Bay (TB)","","DST30","7","147","350","323.0","24.7","321.0","-47.0"
"369","14","","C.J. Uzomah","CIN","TE42","9","216","394","328.3","38.9","323.0","-46.0"
"370","14","","Vernon Davis","WAS","TE43","10","226","389","326.8","48.1","387.0","+17.0"
"371","14","","Jay Ajayi","FA","RB114","","78","362","272.2","53.2","233.0","-138.0"
"372","14","","Blake Jarwin","DAL","TE44","8","212","386","322.1","44.0","352.0","-20.0"
"373","14","","Matt Bryant","FA","K26","","186","337","265.8","57.0","315.0","-58.0"
"374","14","","J'Mon Moore","GB","WR121","11","266","402","333.8","32.8","807.0","+433.0"
"375","14","","Cameron Meredith","NE","WR122","10","266","383","325.7","32.1","959.0","+584.0"
"376","14","","Josh Oliver","JAC","TE45","10","186","392","323.0","53.3","550.0","+174.0"
"377","14","","Chad Beebe","MIN","WR123","12","210","377","314.9","46.6","379.0","+2.0"
"378","14","","Karan Higdon","HOU","RB115","10","141","381","285.8","63.8","365.0","-13.0"
"379","14","","Jake Butt","DEN","TE46","10","266","383","342.4","22.6","378.0","-1.0"
"380","14","","Tim Patrick","DEN","WR124","10","210","381","325.8","42.5","498.0","+118.0"
"381","14","","Cairo Santos","TB","K27","7","189","353","317.1","33.9","475.0","+94.0"
"382","14","","Kendrick Bourne","SF","WR125","4","284","379","337.3","25.0","453.0","+71.0"
"383","14","","Teddy Bridgewater","NO","QB40","9","250","397","317.3","32.2","479.0","+96.0"
"384","14","","Jesse James","DET","TE47","5","227","385","330.2","40.0","293.0","-91.0"
"385","14","","Marcus Murphy","BUF","RB116","6","269","387","325.8","30.8","932.0","+547.0"
"386","14","","Jace Sternberger","GB","TE48","11","207","388","335.0","30.9","349.0","-37.0"
"387","14","","Dawson Knox","BUF","TE49","6","214","385","328.7","43.8","1,038.0","+651.0"
"388","14","","Chris Moore","BAL","WR126","8","242","393","313.5","39.7","344.0","-44.0"
"389","14","","Cody Latimer","NYG","WR127","11","156","379","308.9","49.1","770.0","+381.0"
"390","14","","Ryan Switzer","PIT","WR128","7","244","389","324.0","43.1","444.0","+54.0"
"391","14","","Nick Mullens","SF","QB41","4","265","365","327.1","27.1","1,022.0","+631.0"
"392","14","","DeAndre Washington","OAK","RB117","6","225","368","319.9","51.9","478.0","+86.0"
"393","14","","Travis Homer","SEA","RB118","11","219","381","305.4","49.0","636.0","+243.0"
"394","14","","Kelvin Harmon","WAS","WR129","10","213","383","321.7","44.9","347.0","-47.0"
"395","14","","Dustin Hopkins","WAS","K28","10","153","353","299.1","41.8","279.0","-116.0"
"396","14","","Will Grier","CAR","QB42","7","256","384","329.4","31.7","559.0","+163.0"
"397","14","","Kyle Juszczyk","SF","RB119","4","158","392","303.5","49.2","452.0","+55.0"
"398","14","","Luke Willson","OAK","TE50","6","311","381","347.8","20.2","850.0","+452.0"
"399","14","","Adam Shaheen","CHI","TE51","6","189","387","346.5","27.7","563.0","+164.0"
"400","14","","Cincinnati (CIN)","","DST31","9","144","354","314.6","24.1","341.0","-59.0"
"401","14","","Jakeem Grant","MIA","WR130","5","188","373","317.2","45.7","407.0","+6.0"
"402","14","","Chester Rogers","IND","WR131","6","293","395","348.8","28.6","465.0","+63.0"
"403","14","","Boston Scott","PHI","RB120","10","275","380","314.7","31.9","718.0","+315.0"
"404","14","","Tyler Higbee","LAR","TE52","9","235","389","342.7","35.3","340.0","-64.0"
"405","14","","Eddy Pineiro","CHI","K29","6","240","341","308.6","29.7","316.0","-89.0"
"406","14","","Damion Willis","CIN","WR132","9","234","345","303.4","36.2","356.0","-50.0"
"407","14","","Laquon Treadwell","MIN","WR133","12","238","391","347.3","30.5","432.0","+25.0"
"408","15","","J.D. McKissic","SEA","RB121","11","223","380","308.8","44.7","1,033.0","+625.0"
"409","15","","Tyler Kroft","BUF","TE53","6","199","387","323.8","45.7","1,030.0","+621.0"
"410","15","","Elijah Holyfield","CAR","RB122","7","204","386","320.4","55.4","328.0","-82.0"
"411","15","","C.J. Prosise","SEA","RB123","11","160","393","320.9","51.0","582.0","+171.0"
"412","15","","Cody Parkey","FA","K30","","150","342","282.3","63.8","380.0","-32.0"
"413","15","","Javorius Allen","FA","RB124","","251","313","297.0","15.6","730.0","+317.0"
"414","15","","Gary Jennings","SEA","WR134","11","263","390","337.3","37.2","796.0","+382.0"
"415","15","","Dontrelle Inman","LAC","WR135","12","237","382","339.7","31.7","823.0","+408.0"
"416","15","","Alex Barnes","TEN","RB125","11","240","393","305.4","47.8","521.0","+105.0"
"417","15","","Jordan Matthews","SF","WR136","4","310","395","352.1","22.1","469.0","+52.0"
"418","15","","Tyrod Taylor","LAC","QB43","12","276","385","342.4","33.9","581.0","+163.0"
"419","15","","Matt Gay","TB","K31","7","192","342","287.3","34.1","282.0","-137.0"
"420","15","","Colt McCoy","WAS","QB44","10","270","397","323.0","38.1","621.0","+201.0"
"421","15","","Zane Gonzalez","ARI","K32","12","281","350","313.9","23.7","324.0","-97.0"
"422","15","","Raheem Mostert","SF","RB126","4","229","390","344.9","42.7","361.0","-61.0"
"423","15","","Josh Ferguson","HOU","RB127","10","208","388","315.0","69.5","1,035.0","+612.0"
"424","15","","LeGarrette Blount","FA","RB128","","253","381","317.9","37.1","399.0","-25.0"
"425","15","","Devine Ozigbo","NO","RB129","9","230","388","328.0","46.8","427.0","+2.0"
"426","15","","Alex Collins","FA","RB130","","162","361","286.8","47.6","434.0","+8.0"
"427","15","","Maurice Harris","FA","WR137","","252","378","321.3","35.5","381.0","-46.0"
"428","15","","Robert Griffin","BAL","QB45","8","282","397","338.4","29.4","404.0","-24.0"
"429","15","","Oakland (OAK)","","DST32","6","273","345","309.7","20.9","295.0","-134.0"
"430","15","","Austin Seibert","CLE","K33","7","255","334","294.6","31.0","294.0","-136.0"
"431","15","","Jarius Wright","CAR","WR138","7","242","392","351.3","41.0","466.0","+35.0"
"432","15","","Kahale Warring","HOU","TE54","10","286","394","347.2","32.3","800.0","+368.0"
"433","15","","Brett Hundley","ARI","QB46","12","248","367","315.5","29.7","612.0","+179.0"
"434","15","","Randy Bullock","CIN","K34","9","285","352","316.7","21.6","463.0","+29.0"
"435","15","","Greg Dortch","NYJ","WR139","4","252","318","277.3","24.7","692.0","+257.0"
"436","15","","Tavon Austin","DAL","WR140","8","226","369","338.4","30.7","339.0","-97.0"
"437","15","","Riley Ridley","CHI","WR141","6","265","363","320.0","35.3","333.0","-104.0"
"438","15","","Darius Jackson","DAL","RB131","8","257","389","322.0","49.2","386.0","-52.0"
"439","15","","Ryan Finley","CIN","QB47","9","277","387","324.0","36.9","703.0","+264.0"
"440","15","","Darius Slayton","NYG","WR142","11","245","378","336.0","45.4","547.0","+107.0"
"441","15","","Kaare Vedvik","MIN","K35","12","186","290","253.7","47.9","330.0","-111.0"
"442","15","","Jacquizz Rodgers","NO","RB132","9","262","337","311.6","29.1","597.0","+155.0"
"443","15","","Buddy Howell","HOU","RB133","10","158","396","290.3","85.3","392.0","-51.0"
"444","15","","Chris Ivory","FA","RB134","","257","321","294.3","25.1","510.0","+66.0"
"445","15","","Emmanuel Butler","NO","WR143","9","250","344","299.0","33.3","854.0","+409.0"
"446","15","","Corey Grant","FA","RB135","","226","382","320.8","38.7","909.0","+463.0"
"447","15","","Austin Seferian-Jenkins","FA","TE55","","288","379","334.3","26.8","595.0","+148.0"
"448","15","","Jacob Hollister","SEA","TE56","11","251","372","322.2","42.1","540.0","+92.0"
"449","15","","Dwayne Washington","NO","RB136","9","312","387","345.9","26.4","565.0","+116.0"
"450","15","","J.J. Nelson","OAK","WR144","6","254","375","338.2","30.7","492.0","+42.0"
"451","15","","Dez Bryant","FA","WR145","","271","341","309.5","27.2","298.0","-153.0"
"452","15","","CJ Ham","MIN","RB137","12","279","385","328.0","45.6","557.0","+105.0"
"453","15","","Paul Perkins","NYG","RB138","11","225","393","348.7","25.3","412.0","-41.0"
"454","15","","Alex Erickson","CIN","WR146","9","272","383","348.7","26.6","579.0","+125.0"
"455","15","","Pierre Garcon","FA","WR147","","268","371","329.6","39.1","553.0","+98.0"
"456","15","","Allen Hurns","MIA","WR148","5","263","390","349.1","26.5","729.0","+273.0"
"457","15","","Chandler Catanzaro","FA","K36","","230","342","287.0","45.7","353.0","-104.0"
"458","15","","DeShone Kizer","GB","QB48","11","280","392","356.4","29.7","543.0","+85.0"
"459","15","","AJ McCarron","HOU","QB49","10","292","386","350.9","29.7","561.0","+102.0"
"460","15","","Mo Alie-Cox","IND","TE57","6","296","364","332.2","26.7","653.0","+193.0"
"461","15","","Jeff Heuerman","DEN","TE58","10","291","389","332.4","34.0","865.0","+404.0"
"462","15","","Benny Cunningham","FA","RB139","","232","355","316.5","50.0","1,032.0","+570.0"
"463","15","","Jeremy Hill","FA","RB140","","279","359","318.5","39.0","690.0","+227.0"
"464","15","","Demetrius Harris","CLE","TE59","7","290","391","320.8","41.0","422.0","-42.0"
"465","15","","Isaiah McKenzie","BUF","WR149","6","218","351","300.7","58.9","483.0","+18.0"
"466","15","","Samaje Perine","WAS","RB141","10","257","382","300.7","57.6","606.0","+140.0"
"467","15","","Josh Hill","NO","TE60","9","305","379","340.8","28.3","410.0","-57.0"
"468","15","","Josh Malone","CIN","WR150","9","240","273","256.5","16.5","683.0","+215.0"
"469","15","","Chase Daniel","CHI","QB50","6","292","397","343.0","41.5","641.0","+172.0"
"470","15","","Jeremy McNichols","TEN","RB142","11","275","367","309.7","40.8","795.0","+325.0"
"471","15","","D'Ernest Johnson","CLE","RB143","7","209","392","310.7","76.1","",""
"472","15","","Chad Kelly","IND","QB51","6","292","393","333.3","37.2","501.0","+29.0"
"473","15","","Thomas Rawls","JAC","RB144","10","329","337","335.0","3.5","1,036.0","+563.0"
"474","15","","Foster Moreau","OAK","TE61","6","273","397","336.3","57.0","704.0","+230.0"
"475","15","","Elijhaa Penny","NYG","RB145","11","278","381","336.8","39.0","617.0","+142.0"
"476","15","","Jordan Akins","HOU","TE62","10","278","360","317.7","33.5","556.0","+80.0"
"477","15","","Mason Rudolph","PIT","QB52","7","284","387","318.3","48.6","509.0","+32.0"
"478","15","","Jazz Ferguson","SEA","WR151","11","304","333","320.0","12.0","372.0","-106.0"
"479","15","","James Develin","NE","RB146","10","272","378","359.2","23.1","345.0","-134.0"
"480","15","","Eli Rogers","PIT","WR152","7","315","389","351.6","27.4","518.0","+38.0"
"481","15","","Taylor Bertolet","NYJ","K37","4","313","332","321.0","8.0","415.0","-66.0"
"482","15","","Torrey Smith","CAR","WR153","7","333","396","352.2","22.5","672.0","+190.0"
"483","15","","Seth Roberts","BAL","WR154","8","306","377","344.3","33.0","471.0","-12.0"
"484","15","","Kevin White","FA","WR155","","295","373","327.0","33.3","564.0","+80.0"
"485","15","","Detrez Newsome","LAC","RB147","12","252","383","344.8","54.2","639.0","+154.0"
"486","15","","Dwayne Allen","MIA","TE63","5","267","317","292.0","25.0","715.0","+229.0"
"487","15","","Matt Barkley","BUF","QB53","6","283","385","355.6","37.8","396.0","-91.0"
"488","15","","T.J. Logan","ARI","RB148","12","321","388","356.0","29.8","799.0","+311.0"
"489","15","","Justin Hardy","ATL","WR156","9","288","379","357.2","34.8","588.0","+99.0"
"490","15","","Rhett Ellison","NYG","TE64","11","303","394","333.3","42.9","507.0","+17.0"
"491","15","","Nick O'Leary","MIA","TE65","5","276","327","301.5","25.5","631.0","+140.0"
"492","15","","D.J. Foster","ARI","RB149","12","288","316","302.0","14.0","661.0","+169.0"
"493","15","","Charcandrick West","IND","RB150","6","316","361","335.3","18.9","792.0","+299.0"
"494","15","","Kenneth Farrow","MIA","RB151","5","313","365","335.7","21.7","975.0","+481.0"
"495","15","","Brandon Powell","DET","WR157","5","329","377","351.8","17.0","662.0","+167.0"
"496","16","","Scott Miller","TB","WR158","7","325","373","353.8","18.2","863.0","+367.0"
"497","16","","Jason Sanders","MIA","K38","5","296","324","310.0","14.0","310.0","-187.0"
"498","16","","David Fluellen","TEN","RB152","11","316","380","365.2","7.7","819.0","+321.0"
"499","16","","Maxx Williams","ARI","TE66","12","321","391","344.7","32.8","576.0","+77.0"
"500","16","","Zach Line","NO","RB153","9","289","385","345.7","41.1","610.0","+110.0"
"501","16","","Byron Pringle","KC","WR159","12","300","350","325.0","25.0","506.0","+5.0"
"502","16","","Andy Janovich","DEN","RB154","10","295","391","349.7","40.3","722.0","+220.0"
"503","16","","Jason Croom","BUF","TE67","6","304","351","327.5","23.5","934.0","+431.0"
"504","16","","Blake Bell","KC","TE68","12","325","330","327.5","2.5","390.0","-114.0"
"505","16","","Kelvin Benjamin","FA","WR160","","297","368","332.5","35.5","538.0","+33.0"
"506","16","","Cody Core","CIN","WR161","9","317","394","355.3","31.4","816.0","+310.0"
"507","16","","Trevon Wesco","NYJ","TE69","4","317","356","336.5","19.5","670.0","+163.0"
"508","16","","Noah Brown","DAL","WR162","8","313","384","360.0","33.2","660.0","+152.0"
"509","16","","Nate Sudfeld","PHI","QB54","10","323","367","345.0","22.0","748.0","+239.0"
"510","16","","Brice Butler","MIA","WR163","5","323","369","346.0","23.0","628.0","+118.0"
"511","16","","Dylan Cantrell","LAC","WR164","12","316","379","347.5","31.5","680.0","+169.0"
"512","16","","DeAndre Carter","HOU","WR165","10","318","379","348.5","30.5","451.0","-61.0"
"513","16","","Russell Shepard","NYG","WR166","11","326","375","350.5","24.5","409.0","-104.0"
"514","16","","Brian Hoyer","NE","QB55","10","334","367","350.5","16.5","687.0","+173.0"
"515","16","","Deontay Burnett","NYJ","WR167","4","321","384","352.5","31.5","594.0","+79.0"
"516","16","","Taquan Mizzell","CHI","RB155","6","321","386","353.5","32.5","881.0","+365.0"
"517","16","","Nick Boyle","BAL","TE70","8","344","366","355.0","11.0","618.0","+101.0"
"518","16","","Anthony Sherman","KC","RB156","12","327","388","357.5","30.5","520.0","+2.0"
"519","16","","Alex Armah","CAR","RB157","7","356","368","362.0","6.0","706.0","+187.0"
"520","16","","Roc Thomas","FA","RB158","","362","365","363.5","1.5","845.0","+325.0"
"521","16","","Tajae Sharpe","TEN","WR168","11","369","380","375.3","4.6","476.0","-45.0"
"522","16","","Tra Carson","GB","RB159","11","368","380","374.0","6.0","555.0","+33.0"
"523","16","","Taylor Heinicke","CAR","QB56","7","354","395","374.5","20.5","839.0","+316.0"
"524","16","","Richie James","SF","WR169","4","352","414","383.0","31.0","656.0","+132.0"
"525","16","","Trent Sherfield","ARI","WR170","12","369","384","376.5","7.5","749.0","+224.0"
"526","16","","Mack Hollins","PHI","WR171","10","365","400","382.5","17.5","669.0","+143.0"
"527","16","","Andre Roberts","BUF","WR172","6","378","396","387.0","9.0","572.0","+45.0"
"528","16","","Luke Stocker","ATL","TE71","9","376","407","391.5","15.5","758.0","+230.0"